{
  "config": {
    "num_seeds": 5,
    "num_classes": 10,
    "train_epochs": 25,
    "batch_size": 128,
    "lr": 0.1,
    "device": "mps",
    "model": "SmallResNet (32-64-128-256)",
    "bn_layers": 20
  },
  "aggregate": {
    "global": {
      "accuracy_mean": 0.91876,
      "accuracy_std": 0.001968349562450752,
      "confidence_mean": 0.8994611915794076,
      "confidence_std": 0.0012140496115048938,
      "linear_probe_mean": 0.9164,
      "linear_probe_std": 0.003104834939251999
    },
    "same_class": {
      "accuracy_mean": 0.017900000000000003,
      "accuracy_std": 0.0070792654986234285,
      "confidence_mean": 0.03709710821011773,
      "confidence_std": 0.003199824234192574,
      "linear_probe_mean": 0.9997,
      "linear_probe_std": 0.00024494897427829084
    },
    "wrong_class": {
      "accuracy_mean": 0.55518,
      "accuracy_std": 0.0676257170017442,
      "confidence_mean": 0.40798466536696065,
      "confidence_std": 0.016975748436469405,
      "linear_probe_mean": 1.0,
      "linear_probe_std": 0.0
    },
    "random_class": {
      "accuracy_mean": 0.5139,
      "accuracy_std": 0.0706963082487339,
      "confidence_mean": 0.37215195299918297,
      "confidence_std": 0.029887678422232996,
      "linear_probe_mean": 0.9702999999999999,
      "linear_probe_std": 0.009357350052231685
    }
  },
  "statistical_tests": {
    "same_vs_global_acc": {
      "t": -238.6972520468985,
      "p": 1.8480374129001422e-09
    },
    "wrong_vs_global_acc": {
      "t": -10.964705137227766,
      "p": 0.0003930581738250998
    },
    "same_vs_wrong_acc": {
      "t": -14.682223619327196,
      "p": 0.00012521918415559944
    },
    "same_vs_global_conf": {
      "t": -467.3984901694952,
      "p": 1.2571548544293457e-10
    },
    "same_vs_global_probe": {
      "t": 51.026572189580065,
      "p": 8.827840967794753e-07
    }
  },
  "per_class_deltas": {
    "airplane": {
      "mean": -0.8714000000000001,
      "std": 0.05732922465898172
    },
    "automobile": {
      "mean": -0.9663999999999999,
      "std": 0.005083306010855539
    },
    "bird": {
      "mean": -0.8847999999999999,
      "std": 0.0059799665550904265
    },
    "cat": {
      "mean": -0.7175999999999999,
      "std": 0.0731152514869504
    },
    "deer": {
      "mean": -0.9168,
      "std": 0.009682974749528173
    },
    "dog": {
      "mean": -0.8751999999999999,
      "std": 0.004833218389437833
    },
    "frog": {
      "mean": -0.9391999999999999,
      "std": 0.006764613810115071
    },
    "horse": {
      "mean": -0.9359999999999999,
      "std": 0.004690415759823396
    },
    "ship": {
      "mean": -0.9553999999999998,
      "std": 0.005851495535331123
    },
    "truck": {
      "mean": -0.9457999999999999,
      "std": 0.006337191807101908
    }
  },
  "per_seed_results": [
    {
      "seed": 42,
      "elapsed_seconds": 1002.7002329826355,
      "global": {
        "per_class_acc": {
          "0": 0.932,
          "1": 0.971,
          "2": 0.891,
          "3": 0.826,
          "4": 0.933,
          "5": 0.869,
          "6": 0.951,
          "7": 0.93,
          "8": 0.958,
          "9": 0.934
        },
        "mean_acc": 0.9194999999999999,
        "per_class_conf": {
          "0": 0.9079507718533568,
          "1": 0.9599199583262161,
          "2": 0.8655032247520575,
          "3": 0.7854023000576208,
          "4": 0.9126143812509181,
          "5": 0.8448388098408759,
          "6": 0.9329549671997375,
          "7": 0.9153778133724699,
          "8": 0.9491316737100715,
          "9": 0.9256213990897523
        },
        "mean_conf": 0.8999315299453077,
        "linear_probe_acc": 0.9155
      },
      "same_class": {
        "per_class_acc": {
          "0": 0.03,
          "1": 0.0,
          "2": 0.0,
          "3": 0.035,
          "4": 0.006,
          "5": 0.0,
          "6": 0.004,
          "7": 0.0,
          "8": 0.0,
          "9": 0.0
        },
        "mean_acc": 0.0075,
        "per_class_conf": {
          "0": 0.06062746461015195,
          "1": 0.005190840362221934,
          "2": 0.025122207131935283,
          "3": 0.09154682920128107,
          "4": 0.032879991203313697,
          "5": 0.024441413966473192,
          "6": 0.05980585078243166,
          "7": 0.006027498856885359,
          "8": 0.017608915177348534,
          "9": 0.009850263479631393
        },
        "mean_conf": 0.03331012747716741,
        "linear_probe_acc": 1.0
      },
      "wrong_class": {
        "per_class_acc": {
          "0": 0.972,
          "1": 0.393,
          "2": 0.052,
          "3": 0.947,
          "4": 0.701,
          "5": 0.351,
          "6": 0.771,
          "7": 0.437,
          "8": 0.85,
          "9": 0.712
        },
        "mean_acc": 0.6185999999999999,
        "per_class_conf": {
          "0": 0.6955009320676326,
          "1": 0.2965241429526359,
          "2": 0.14058073919266462,
          "3": 0.49993266992270946,
          "4": 0.4292627052683383,
          "5": 0.3105515461489558,
          "6": 0.3583496746756136,
          "7": 0.25438248715922235,
          "8": 0.5498464944511652,
          "9": 0.43458920684829355
        },
        "mean_conf": 0.3969520598687231,
        "linear_probe_acc": 1.0
      },
      "random_class": {
        "per_class_acc": {
          "0": 0.499,
          "1": 0.761,
          "2": 0.481,
          "3": 0.963,
          "4": 0.606,
          "5": 0.454,
          "6": 0.941,
          "7": 0.164,
          "8": 0.959,
          "9": 0.456
        },
        "mean_acc": 0.6284,
        "per_class_conf": {
          "0": 0.2835197304747999,
          "1": 0.5011246149986982,
          "2": 0.2832241746895015,
          "3": 0.5168768219202757,
          "4": 0.3369701770376414,
          "5": 0.39311207421123984,
          "6": 0.5396431419029832,
          "7": 0.16832682914379984,
          "8": 0.6481652792394161,
          "9": 0.32101314650662244
        },
        "mean_conf": 0.39919759901249785,
        "linear_probe_acc": 0.969
      }
    },
    {
      "seed": 43,
      "elapsed_seconds": 979.7047963142395,
      "global": {
        "per_class_acc": {
          "0": 0.923,
          "1": 0.962,
          "2": 0.876,
          "3": 0.809,
          "4": 0.93,
          "5": 0.877,
          "6": 0.943,
          "7": 0.933,
          "8": 0.956,
          "9": 0.946
        },
        "mean_acc": 0.9155,
        "per_class_conf": {
          "0": 0.9061084862513235,
          "1": 0.9539850123600918,
          "2": 0.8594833517382904,
          "3": 0.7747096535136224,
          "4": 0.9079147993013612,
          "5": 0.846950190435673,
          "6": 0.9266595330802293,
          "7": 0.9201734607040999,
          "8": 0.9482206245995767,
          "9": 0.9290109011681051
        },
        "mean_conf": 0.8973216013152374,
        "linear_probe_acc": 0.9205
      },
      "same_class": {
        "per_class_acc": {
          "0": 0.152,
          "1": 0.0,
          "2": 0.0,
          "3": 0.013,
          "4": 0.028,
          "5": 0.0,
          "6": 0.0,
          "7": 0.0,
          "8": 0.0,
          "9": 0.0
        },
        "mean_acc": 0.0193,
        "per_class_conf": {
          "0": 0.1323872852632776,
          "1": 0.0033553404838894494,
          "2": 0.027490126471966504,
          "3": 0.0799763594851829,
          "4": 0.04622369059268385,
          "5": 0.018881115217576735,
          "6": 0.035677043331204916,
          "7": 0.003613694637082517,
          "8": 0.009453659274498932,
          "9": 0.00728282565693371
        },
        "mean_conf": 0.03643411404142971,
        "linear_probe_acc": 0.9995
      },
      "wrong_class": {
        "per_class_acc": {
          "0": 0.999,
          "1": 0.112,
          "2": 0.116,
          "3": 0.938,
          "4": 0.945,
          "5": 0.322,
          "6": 0.235,
          "7": 0.39,
          "8": 0.238,
          "9": 0.484
        },
        "mean_acc": 0.4779,